{"name":"Form root","localizedNames":{},"localizedDescriptions":{},"rmType":"FORM_DEFINITION","min":0,"max":0,"formId":"form_root","viewConfig":{"label":{"custom":false,"useLocalizations":false},"size":{"field":"inherit","label":"inherit"},"layout":{"label":{"valign":"inherit","align":"inherit"},"field":{"valign":"inherit","align":"inherit"}},"annotations":{"#temp":"SELECT c/uid/value as cid, o FROM COMPOSITION c CONTAINS OBSERVATION o[openEHR-EHR-OBSERVATION.body_temperature.v2] ORDER BY o/data/origin/value DESC"}},"children":[{"name":"Kroppstemperatur","localizedName":"Kroppstemperatur","localizedNames":{"en":"*Kroppstemperatur (nb)","nb":"Kroppstemperatur"},"localizedDescriptions":{"nb":"Måling av kroppstemperatur som skal gjenspeile et individs kjernetemperatur.","en":"*Måling av kroppstemperatur som skal gjenspeile et individs kjernetemperatur. (nb)"},"rmType":"OBSERVATION","nodeId":"openEHR-EHR-OBSERVATION.body_temperature.v2","min":0,"max":-1,"aqlPath":"/content[openEHR-EHR-OBSERVATION.body_temperature.v2]","inputs":[],"formId":"klinisk_kontakt/kroppstemperatur","viewConfig":{"multiplicity":{"min":0,"max":-1},"advanced":{"hidden":false,"readonly":false,"hideFrame":false,"render":false},"label":{"custom":false,"useLocalizations":false},"size":{"field":"inherit","label":"inherit"},"layout":{"label":{"valign":"inherit","align":"inherit"},"field":{"valign":"inherit","align":"inherit"}},"annotations":{"select":"{#temp}"},"field":{}},"children":[{"name":"Origin","localizedName":"Origin","localizedNames":{"en":"*Origin (en)","nb":"Origin"},"localizedDescriptions":{},"rmType":"DV_DATE_TIME","min":0,"max":1,"aqlPath":"/content[openEHR-EHR-OBSERVATION.body_temperature.v2]/data[at0002]/origin","inputs":[{"type":"DATETIME","listOpen":false}],"formId":"klinisk_kontakt/kroppstemperatur/*history(en)/origin","viewConfig":{"multiplicity":{"min":0,"max":1},"advanced":{"hidden":false,"readonly":false,"hideFrame":false,"render":false},"label":{"custom":false,"useLocalizations":false},"size":{"field":"inherit","label":"inherit"},"layout":{"label":{"valign":"inherit","align":"inherit"},"field":{"valign":"inherit","align":"inherit"}},"annotations":{},"field":{"input":{"hideTime":false,"dateFormat":"","hideDate":false}}}},{"name":"Uspesifisert hendelse","localizedName":"Uspesifisert hendelse","localizedNames":{"en":"*Uspesifisert hendelse (nb)","nb":"Uspesifisert hendelse"},"localizedDescriptions":{"nb":"Standard, uspesifisert tidspunkt eller tidsintervall som kan defineres mer eksplisitt i en template eller i en applikasjon.","en":"*Standard, uspesifisert tidspunkt eller tidsintervall som kan defineres mer eksplisitt i en template eller i en applikasjon. (nb)"},"rmType":"EVENT","nodeId":"at0003","min":0,"max":-1,"aqlPath":"/content[openEHR-EHR-OBSERVATION.body_temperature.v2]/data[at0002]/events[at0003]","inputs":[],"formId":"klinisk_kontakt/kroppstemperatur/uspesifisert_hendelse","viewConfig":{"multiplicity":{"min":0,"max":-1},"advanced":{"hidden":false,"readonly":false,"hideFrame":false,"render":false},"label":{"custom":false,"useLocalizations":false},"size":{"field":"inherit","label":"inherit"},"layout":{"label":{"valign":"inherit","align":"inherit"},"field":{"valign":"inherit","align":"inherit"}},"annotations":{}},"children":[{"name":"Temperatur","localizedName":"Temperatur","localizedNames":{"en":"*Temperatur (nb)","nb":"Temperatur"},"localizedDescriptions":{"nb":"Målt kroppstemperatur som uttrykk for kjernetemperatur.","en":"*Målt kroppstemperatur som uttrykk for kjernetemperatur. (nb)"},"rmType":"DV_QUANTITY","nodeId":"at0004","min":1,"max":1,"aqlPath":"/content[openEHR-EHR-OBSERVATION.body_temperature.v2]/data[at0002]/events[at0003]/data[at0001]/items[at0004]/value","inputs":[{"suffix":"magnitude","type":"DECIMAL","defaultValue":"","listOpen":false},{"suffix":"unit","type":"CODED_TEXT","list":[{"value":"Cel","label":"Cel","validation":{"range":{"minOp":">=","min":0.0,"maxOp":"<","max":100.0},"precision":{"minOp":">=","min":1.0,"maxOp":"<=","max":1.0}},"ordinal":0,"localizedLabels":{},"localizedDescriptions":{}},{"value":"[degF]","label":"[degF]","validation":{"range":{"minOp":">=","min":30.0,"maxOp":"<","max":200.0},"precision":{"minOp":">=","min":1.0,"maxOp":"<=","max":1.0}},"ordinal":0,"localizedLabels":{},"localizedDescriptions":{}}],"listOpen":false}],"formId":"klinisk_kontakt/kroppstemperatur/uspesifisert_hendelse/temperatur","viewConfig":{"multiplicity":{"min":1,"max":1},"advanced":{"hidden":false,"readonly":false,"hideFrame":false,"render":false},"label":{"custom":false,"useLocalizations":false},"size":{"field":"inherit","label":"inherit"},"layout":{"label":{"valign":"inherit","align":"inherit"},"field":{"valign":"inherit","align":"inherit"}},"annotations":{},"field":{}}},{"name":"Kommentar","localizedName":"Kommentar","localizedNames":{"en":"*Kommentar (nb)","nb":"Kommentar"},"localizedDescriptions":{"nb":"Ytterligere beskrivelse av målingen av kroppstemperatur som ikke dekkes i andre felt.","en":"*Ytterligere beskrivelse av målingen av kroppstemperatur som ikke dekkes i andre felt. (nb)"},"rmType":"DV_TEXT","nodeId":"at0063","min":0,"max":1,"aqlPath":"/content[openEHR-EHR-OBSERVATION.body_temperature.v2]/data[at0002]/events[at0003]/data[at0001]/items[at0063]/value","inputs":[{"type":"TEXT","list":[],"listOpen":false}],"formId":"klinisk_kontakt/kroppstemperatur/uspesifisert_hendelse/kommentar","viewConfig":{"multiplicity":{"min":0,"max":1},"advanced":{"hidden":false,"readonly":false,"hideFrame":false,"render":false},"label":{"custom":false,"useLocalizations":false},"size":{"field":"inherit","label":"inherit"},"layout":{"label":{"valign":"inherit","align":"inherit"},"field":{"valign":"inherit","align":"inherit"}},"datasource":{"loadRemote":false,"parameters":{}},"annotations":{},"field":{"lines":null,"input":{},"formatting":null}}},{"name":"Kroppseksponering","localizedName":"Kroppseksponering","localizedNames":{"en":"*Kroppseksponering (nb)","nb":"Kroppseksponering"},"localizedDescriptions":{"nb":"Grad av tildekking av individet da temperaturen ble målt.","en":"*Grad av tildekking av individet da temperaturen ble målt. (nb)"},"rmType":"ELEMENT","nodeId":"at0030","min":0,"max":1,"aqlPath":"/content[openEHR-EHR-OBSERVATION.body_temperature.v2]/data[at0002]/events[at0003]/state[at0029]/items[at0030]","inputs":[],"formId":"klinisk_kontakt/kroppstemperatur/uspesifisert_hendelse/kroppseksponering","viewConfig":{"multiplicity":{"min":0,"max":1},"advanced":{"hidden":false,"readonly":false,"hideFrame":false,"render":false},"label":{"custom":false,"useLocalizations":false},"size":{"field":"inherit","label":"inherit"},"layout":{"label":{"valign":"inherit","align":"inherit"},"field":{"valign":"inherit","align":"inherit"}},"annotations":{}},"children":[{"name":"Kroppseksponering","localizedName":"Kroppseksponering","localizedNames":{"en":"*Kroppseksponering (nb)","nb":"Kroppseksponering"},"localizedDescriptions":{"nb":"Grad av tildekking av individet da temperaturen ble målt.","en":"*Grad av tildekking av individet da temperaturen ble målt. (nb)"},"rmType":"DV_CODED_TEXT","nodeId":"","min":1,"max":1,"aqlPath":"/content[openEHR-EHR-OBSERVATION.body_temperature.v2]/data[at0002]/events[at0003]/state[at0029]/items[at0030]/value","inputs":[{"suffix":"code","type":"CODED_TEXT","list":[{"value":"at0031","label":"Naken","ordinal":0,"localizedLabels":{"nb":"Naken","en":"*Naken (nb)"},"localizedDescriptions":{"nb":"Ingen klær eller tildekking","en":"*Ingen klær eller tildekking (nb)"}},{"value":"at0032","label":"Redusert påkledning/tildekking","ordinal":0,"localizedLabels":{"nb":"Redusert påkledning/tildekking","en":"*Redusert påkledning/tildekking (nb)"},"localizedDescriptions":{"nb":"Individet er mindre påkledt eller tildekket enn temperaturen i omgivelsene skulle tilsi.","en":"*Individet er mindre påkledt eller tildekket enn temperaturen i omgivelsene skulle tilsi. (nb)"}},{"value":"at0033","label":"Passende påkleding/tildekking","ordinal":0,"localizedLabels":{"nb":"Passende påkleding/tildekking","en":"*Passende påkleding/tildekking (nb)"},"localizedDescriptions":{"nb":"Individet er passende påkledt eller tildekket i forhold til hva temperaturen i omgivelsene skulle tilsi.","en":"*Individet er passende påkledt eller tildekket i forhold til hva temperaturen i omgivelsene skulle tilsi. (nb)"}},{"value":"at0034","label":"Økt påkledning/tildekking","ordinal":0,"localizedLabels":{"nb":"Økt påkledning/tildekking","en":"*Økt påkledning/tildekking (nb)"},"localizedDescriptions":{"nb":"Individet er mer påkledt eller tildekket enn temperaturen i omgivelsene skulle tilsi.","en":"*Individet er mer påkledt eller tildekket enn temperaturen i omgivelsene skulle tilsi. (nb)"}}],"listOpen":false}],"formId":"klinisk_kontakt/kroppstemperatur/uspesifisert_hendelse/kroppseksponering/value","viewConfig":{"multiplicity":{"min":1,"max":1},"advanced":{"hidden":false,"readonly":false,"hideFrame":false,"render":false},"label":{"custom":false,"useLocalizations":false},"size":{"field":"inherit","label":"inherit"},"layout":{"label":{"valign":"inherit","align":"inherit"},"field":{"valign":"inherit","align":"inherit"}},"annotations":{},"field":{"code":{"presentation":"combobox","columns":"4"}}}},{"name":"Kroppseksponering","localizedName":"Kroppseksponering","localizedNames":{"en":"*Kroppseksponering (nb)","nb":"Kroppseksponering"},"localizedDescriptions":{"nb":"Grad av tildekking av individet da temperaturen ble målt.","en":"*Grad av tildekking av individet da temperaturen ble målt. (nb)"},"rmType":"DV_TEXT","nodeId":"","min":1,"max":1,"aqlPath":"/content[openEHR-EHR-OBSERVATION.body_temperature.v2]/data[at0002]/events[at0003]/state[at0029]/items[at0030]/value","inputs":[{"type":"TEXT","list":[],"listOpen":false}],"formId":"klinisk_kontakt/kroppstemperatur/uspesifisert_hendelse/kroppseksponering/value2","viewConfig":{"multiplicity":{"min":1,"max":1},"advanced":{"hidden":false,"readonly":false,"hideFrame":false,"render":false},"label":{"custom":false,"useLocalizations":false},"size":{"field":"inherit","label":"inherit"},"layout":{"label":{"valign":"inherit","align":"inherit"},"field":{"valign":"inherit","align":"inherit"}},"datasource":{"loadRemote":false,"parameters":{}},"annotations":{},"field":{"lines":null,"input":{},"formatting":null}}}]},{"name":"Time","localizedName":"Time","localizedNames":{"en":"*Time (en)","nb":"Time"},"localizedDescriptions":{},"rmType":"DV_DATE_TIME","min":0,"max":1,"aqlPath":"/content[openEHR-EHR-OBSERVATION.body_temperature.v2]/data[at0002]/events[at0003]/time","inputs":[{"type":"DATETIME","listOpen":false}],"formId":"klinisk_kontakt/kroppstemperatur/uspesifisert_hendelse/time","viewConfig":{"multiplicity":{"min":0,"max":1},"advanced":{"hidden":false,"readonly":false,"hideFrame":false,"render":false},"label":{"custom":false,"useLocalizations":false},"size":{"field":"inherit","label":"inherit"},"layout":{"label":{"valign":"inherit","align":"inherit"},"field":{"valign":"inherit","align":"inherit"}},"annotations":{},"field":{"input":{"hideTime":false,"dateFormat":"","hideDate":false}}}}]},{"name":"Målested","localizedName":"Målested","localizedNames":{"en":"*Målested (nb)","nb":"Målested"},"localizedDescriptions":{"nb":"Det anatomiske målestedet for måling av temperatur.","en":"*Det anatomiske målestedet for måling av temperatur. (nb)"},"rmType":"DV_CODED_TEXT","nodeId":"at0021","min":0,"max":1,"aqlPath":"/content[openEHR-EHR-OBSERVATION.body_temperature.v2]/protocol[at0020]/items[at0021]/value","inputs":[{"suffix":"code","type":"CODED_TEXT","list":[{"value":"at0024","label":"Armhule","ordinal":0,"localizedLabels":{"nb":"Armhule","en":"*Armhule (nb)"},"localizedDescriptions":{"nb":"Temperatur er målt i armhulen med armen posisjonert ned langs siden.","en":"*Temperatur er målt i armhulen med armen posisjonert ned langs siden. (nb)"}},{"value":"at0023","label":"Øre","ordinal":0,"localizedLabels":{"nb":"Øre","en":"*Øre (nb)"},"localizedDescriptions":{"nb":"Temperatur målt ved infrarød stråling fra trommehinnen i ytre ørekanal.","en":"*Temperatur målt ved infrarød stråling fra trommehinnen i ytre ørekanal. (nb)"}},{"value":"at0061","label":"Panne","ordinal":0,"localizedLabels":{"nb":"Panne","en":"*Panne (nb)"},"localizedDescriptions":{"nb":"Temperatur målt på pannen.","en":"*Temperatur målt på pannen. (nb)"}},{"value":"at0022","label":"Munn","ordinal":0,"localizedLabels":{"nb":"Munn","en":"*Munn (nb)"},"localizedDescriptions":{"nb":"Temperatur målt i munnhulen (under tungen).","en":"*Temperatur målt i munnhulen (under tungen). (nb)"}}],"listOpen":false}],"formId":"klinisk_kontakt/kroppstemperatur/målested","viewConfig":{"multiplicity":{"min":0,"max":1},"advanced":{"hidden":false,"readonly":false,"hideFrame":false,"render":false},"label":{"custom":false,"useLocalizations":false},"size":{"field":"inherit","label":"inherit"},"layout":{"label":{"valign":"inherit","align":"inherit"},"field":{"valign":"inherit","align":"inherit"}},"annotations":{},"field":{"code":{"presentation":"combobox","columns":"4"}}}}]}]}