[{"col":1,"row":1,"width":12,"height":30,"children":[{"id":"klinisk_kontakt/kroppstemperatur","rows":[{"cols":[{"width":"100%","children":[{"id":"klinisk_kontakt/kroppstemperatur/*history(en)/origin","rows":[]},{"id":"klinisk_kontakt/kroppstemperatur/målested","rows":[]},{"id":"klinisk_kontakt/kroppstemperatur/uspesifisert_hendelse","rows":[{"cols":[{"width":"100%","children":[{"id":"klinisk_kontakt/kroppstemperatur/uspesifisert_hendelse/time","rows":[]},{"id":"klinisk_kontakt/kroppstemperatur/uspesifisert_hendelse/temperatur","rows":[]},{"id":"klinisk_kontakt/kroppstemperatur/uspesifisert_hendelse/kroppseksponering/value","rows":[]}]}]}]}]}]}]}]}]