[{"col":1,"row":1,"width":33,"height":174,"children":[{"id":"esas-r","rows":[{"cols":[{"width":"100%","children":[{"id":"esas-r/start_time","rows":[]},{"id":"esas-r/end_time","rows":[]},{"id":"esas-r/edmonton_symptom_assessment_system_-_revidert_versjon_(esas-r)","rows":[{"cols":[{"width":"17%","children":[{"id":"esas-r/edmonton_symptom_assessment_system_-_revidert_versjon_(esas-r)/uspesifisert_tidspunkthendelse","rows":[{"cols":[{"width":"100%","children":[{"id":"esas-r/edmonton_symptom_assessment_system_-_revidert_versjon_(esas-r)/uspesifisert_tidspunkthendelse/time","rows":[]},{"id":"esas-r/edmonton_symptom_assessment_system_-_revidert_versjon_(esas-r)/uspesifisert_tidspunkthendelse/smerte","rows":[]},{"id":"esas-r/edmonton_symptom_assessment_system_-_revidert_versjon_(esas-r)/uspesifisert_tidspunkthendelse/slapphet","rows":[]},{"id":"esas-r/edmonton_symptom_assessment_system_-_revidert_versjon_(esas-r)/uspesifisert_tidspunkthendelse/døsighet","rows":[]},{"id":"esas-r/edmonton_symptom_assessment_system_-_revidert_versjon_(esas-r)/uspesifisert_tidspunkthendelse/kvalme","rows":[]},{"id":"esas-r/edmonton_symptom_assessment_system_-_revidert_versjon_(esas-r)/uspesifisert_tidspunkthendelse/nedsatt_matlyst","rows":[]},{"id":"esas-r/edmonton_symptom_assessment_system_-_revidert_versjon_(esas-r)/uspesifisert_tidspunkthendelse/tung_pust","rows":[]},{"id":"esas-r/edmonton_symptom_assessment_system_-_revidert_versjon_(esas-r)/uspesifisert_tidspunkthendelse/depresjon","rows":[]},{"id":"esas-r/edmonton_symptom_assessment_system_-_revidert_versjon_(esas-r)/uspesifisert_tidspunkthendelse/angst","rows":[]},{"id":"esas-r/edmonton_symptom_assessment_system_-_revidert_versjon_(esas-r)/uspesifisert_tidspunkthendelse/velvære","rows":[]},{"id":"esas-r/edmonton_symptom_assessment_system_-_revidert_versjon_(esas-r)/uspesifisert_tidspunkthendelse/annet_problem","rows":[{"cols":[{"width":"100%","children":[{"id":"esas-r/edmonton_symptom_assessment_system_-_revidert_versjon_(esas-r)/uspesifisert_tidspunkthendelse/annet_problem/navn_på_problem","rows":[]},{"id":"esas-r/edmonton_symptom_assessment_system_-_revidert_versjon_(esas-r)/uspesifisert_tidspunkthendelse/annet_problem/vurdering","rows":[]}]}]}]}]}]}]}]},{"width":"17%","children":[{"id":"esas-r/edmonton_symptom_assessment_system_-_revidert_versjon_(esas-r)/esas_#1@ESAS #1","rows":[{"cols":[{"width":"100%","children":[{"id":"esas-r/edmonton_symptom_assessment_system_-_revidert_versjon_(esas-r)/esas_#1@ESAS #1/tidspunkt","rows":[]},{"id":"esas-r/edmonton_symptom_assessment_system_-_revidert_versjon_(esas-r)/esas_#1@ESAS #1/smerte","rows":[]},{"id":"esas-r/edmonton_symptom_assessment_system_-_revidert_versjon_(esas-r)/esas_#1@ESAS #1/slapphet","rows":[]},{"id":"esas-r/edmonton_symptom_assessment_system_-_revidert_versjon_(esas-r)/esas_#1@ESAS #1/døsighet","rows":[]},{"id":"esas-r/edmonton_symptom_assessment_system_-_revidert_versjon_(esas-r)/esas_#1@ESAS #1/kvalme","rows":[]},{"id":"esas-r/edmonton_symptom_assessment_system_-_revidert_versjon_(esas-r)/esas_#1@ESAS #1/nedsatt_matlyst","rows":[]},{"id":"esas-r/edmonton_symptom_assessment_system_-_revidert_versjon_(esas-r)/esas_#1@ESAS #1/tung_pust","rows":[]},{"id":"esas-r/edmonton_symptom_assessment_system_-_revidert_versjon_(esas-r)/esas_#1@ESAS #1/depresjon","rows":[]},{"id":"esas-r/edmonton_symptom_assessment_system_-_revidert_versjon_(esas-r)/esas_#1@ESAS #1/angst","rows":[]},{"id":"esas-r/edmonton_symptom_assessment_system_-_revidert_versjon_(esas-r)/esas_#1@ESAS #1/velvære","rows":[]},{"id":"esas-r/edmonton_symptom_assessment_system_-_revidert_versjon_(esas-r)/esas_#1@ESAS #1/annet_problem","rows":[{"cols":[{"width":"100%","children":[{"id":"esas-r/edmonton_symptom_assessment_system_-_revidert_versjon_(esas-r)/esas_#1@ESAS #1/annet_problem/navn_på_problem","rows":[]},{"id":"esas-r/edmonton_symptom_assessment_system_-_revidert_versjon_(esas-r)/esas_#1@ESAS #1/annet_problem/vurdering","rows":[]}]}]}]}]}]}]}]},{"width":"17%","children":[{"id":"esas-r/edmonton_symptom_assessment_system_-_revidert_versjon_(esas-r)/esas_#2@ESAS #2","rows":[{"cols":[{"width":"100%","children":[{"id":"esas-r/edmonton_symptom_assessment_system_-_revidert_versjon_(esas-r)/esas_#2@ESAS #2/tidspunkt","rows":[]},{"id":"esas-r/edmonton_symptom_assessment_system_-_revidert_versjon_(esas-r)/esas_#2@ESAS #2/smerte","rows":[]},{"id":"esas-r/edmonton_symptom_assessment_system_-_revidert_versjon_(esas-r)/esas_#2@ESAS #2/slapphet","rows":[]},{"id":"esas-r/edmonton_symptom_assessment_system_-_revidert_versjon_(esas-r)/esas_#2@ESAS #2/døsighet","rows":[]},{"id":"esas-r/edmonton_symptom_assessment_system_-_revidert_versjon_(esas-r)/esas_#2@ESAS #2/kvalme","rows":[]},{"id":"esas-r/edmonton_symptom_assessment_system_-_revidert_versjon_(esas-r)/esas_#2@ESAS #2/nedsatt_matlyst","rows":[]},{"id":"esas-r/edmonton_symptom_assessment_system_-_revidert_versjon_(esas-r)/esas_#2@ESAS #2/tung_pust","rows":[]},{"id":"esas-r/edmonton_symptom_assessment_system_-_revidert_versjon_(esas-r)/esas_#2@ESAS #2/depresjon","rows":[]},{"id":"esas-r/edmonton_symptom_assessment_system_-_revidert_versjon_(esas-r)/esas_#2@ESAS #2/angst","rows":[]},{"id":"esas-r/edmonton_symptom_assessment_system_-_revidert_versjon_(esas-r)/esas_#2@ESAS #2/velvære","rows":[]},{"id":"esas-r/edmonton_symptom_assessment_system_-_revidert_versjon_(esas-r)/esas_#2@ESAS #2/annet_problem","rows":[{"cols":[{"width":"100%","children":[{"id":"esas-r/edmonton_symptom_assessment_system_-_revidert_versjon_(esas-r)/esas_#2@ESAS #2/annet_problem/navn_på_problem","rows":[]},{"id":"esas-r/edmonton_symptom_assessment_system_-_revidert_versjon_(esas-r)/esas_#2@ESAS #2/annet_problem/vurdering","rows":[]}]}]}]}]}]}]}]},{"width":"17%","children":[{"id":"esas-r/edmonton_symptom_assessment_system_-_revidert_versjon_(esas-r)/esas_#3@ESAS #3","rows":[{"cols":[{"width":"100%","children":[{"id":"esas-r/edmonton_symptom_assessment_system_-_revidert_versjon_(esas-r)/esas_#3@ESAS #3/tidspunkt","rows":[]},{"id":"esas-r/edmonton_symptom_assessment_system_-_revidert_versjon_(esas-r)/esas_#3@ESAS #3/smerte","rows":[]},{"id":"esas-r/edmonton_symptom_assessment_system_-_revidert_versjon_(esas-r)/esas_#3@ESAS #3/slapphet","rows":[]},{"id":"esas-r/edmonton_symptom_assessment_system_-_revidert_versjon_(esas-r)/esas_#3@ESAS #3/døsighet","rows":[]},{"id":"esas-r/edmonton_symptom_assessment_system_-_revidert_versjon_(esas-r)/esas_#3@ESAS #3/kvalme","rows":[]},{"id":"esas-r/edmonton_symptom_assessment_system_-_revidert_versjon_(esas-r)/esas_#3@ESAS #3/nedsatt_matlyst","rows":[]},{"id":"esas-r/edmonton_symptom_assessment_system_-_revidert_versjon_(esas-r)/esas_#3@ESAS #3/tung_pust","rows":[]},{"id":"esas-r/edmonton_symptom_assessment_system_-_revidert_versjon_(esas-r)/esas_#3@ESAS #3/depresjon","rows":[]},{"id":"esas-r/edmonton_symptom_assessment_system_-_revidert_versjon_(esas-r)/esas_#3@ESAS #3/angst","rows":[]},{"id":"esas-r/edmonton_symptom_assessment_system_-_revidert_versjon_(esas-r)/esas_#3@ESAS #3/velvære","rows":[]},{"id":"esas-r/edmonton_symptom_assessment_system_-_revidert_versjon_(esas-r)/esas_#3@ESAS #3/annet_problem","rows":[{"cols":[{"width":"100%","children":[{"id":"esas-r/edmonton_symptom_assessment_system_-_revidert_versjon_(esas-r)/esas_#3@ESAS #3/annet_problem/navn_på_problem","rows":[]},{"id":"esas-r/edmonton_symptom_assessment_system_-_revidert_versjon_(esas-r)/esas_#3@ESAS #3/annet_problem/vurdering","rows":[]}]}]}]}]}]}]}]},{"width":"16%","children":[{"id":"esas-r/edmonton_symptom_assessment_system_-_revidert_versjon_(esas-r)/esas_#4@ESAS #4","rows":[{"cols":[{"width":"100%","children":[{"id":"esas-r/edmonton_symptom_assessment_system_-_revidert_versjon_(esas-r)/esas_#4@ESAS #4/tidspunkt","rows":[]},{"id":"esas-r/edmonton_symptom_assessment_system_-_revidert_versjon_(esas-r)/esas_#4@ESAS #4/smerte","rows":[]},{"id":"esas-r/edmonton_symptom_assessment_system_-_revidert_versjon_(esas-r)/esas_#4@ESAS #4/slapphet","rows":[]},{"id":"esas-r/edmonton_symptom_assessment_system_-_revidert_versjon_(esas-r)/esas_#4@ESAS #4/døsighet","rows":[]},{"id":"esas-r/edmonton_symptom_assessment_system_-_revidert_versjon_(esas-r)/esas_#4@ESAS #4/kvalme","rows":[]},{"id":"esas-r/edmonton_symptom_assessment_system_-_revidert_versjon_(esas-r)/esas_#4@ESAS #4/nedsatt_matlyst","rows":[]},{"id":"esas-r/edmonton_symptom_assessment_system_-_revidert_versjon_(esas-r)/esas_#4@ESAS #4/tung_pust","rows":[]},{"id":"esas-r/edmonton_symptom_assessment_system_-_revidert_versjon_(esas-r)/esas_#4@ESAS #4/depresjon","rows":[]},{"id":"esas-r/edmonton_symptom_assessment_system_-_revidert_versjon_(esas-r)/esas_#4@ESAS #4/angst","rows":[]},{"id":"esas-r/edmonton_symptom_assessment_system_-_revidert_versjon_(esas-r)/esas_#4@ESAS #4/velvære","rows":[]},{"id":"esas-r/edmonton_symptom_assessment_system_-_revidert_versjon_(esas-r)/esas_#4@ESAS #4/annet_problem","rows":[{"cols":[{"width":"100%","children":[{"id":"esas-r/edmonton_symptom_assessment_system_-_revidert_versjon_(esas-r)/esas_#4@ESAS #4/annet_problem/navn_på_problem","rows":[]},{"id":"esas-r/edmonton_symptom_assessment_system_-_revidert_versjon_(esas-r)/esas_#4@ESAS #4/annet_problem/vurdering","rows":[]}]}]}]}]}]}]}]},{"width":"16%","children":[{"id":"esas-r/edmonton_symptom_assessment_system_-_revidert_versjon_(esas-r)/esas_#5@ESAS #5","rows":[{"cols":[{"width":"100%","children":[{"id":"esas-r/edmonton_symptom_assessment_system_-_revidert_versjon_(esas-r)/esas_#5@ESAS #5/tidspunkt","rows":[]},{"id":"esas-r/edmonton_symptom_assessment_system_-_revidert_versjon_(esas-r)/esas_#5@ESAS #5/smerte","rows":[]},{"id":"esas-r/edmonton_symptom_assessment_system_-_revidert_versjon_(esas-r)/esas_#5@ESAS #5/slapphet","rows":[]},{"id":"esas-r/edmonton_symptom_assessment_system_-_revidert_versjon_(esas-r)/esas_#5@ESAS #5/døsighet","rows":[]},{"id":"esas-r/edmonton_symptom_assessment_system_-_revidert_versjon_(esas-r)/esas_#5@ESAS #5/kvalme","rows":[]},{"id":"esas-r/edmonton_symptom_assessment_system_-_revidert_versjon_(esas-r)/esas_#5@ESAS #5/nedsatt_matlyst","rows":[]},{"id":"esas-r/edmonton_symptom_assessment_system_-_revidert_versjon_(esas-r)/esas_#5@ESAS #5/tung_pust","rows":[]},{"id":"esas-r/edmonton_symptom_assessment_system_-_revidert_versjon_(esas-r)/esas_#5@ESAS #5/depresjon","rows":[]},{"id":"esas-r/edmonton_symptom_assessment_system_-_revidert_versjon_(esas-r)/esas_#5@ESAS #5/angst","rows":[]},{"id":"esas-r/edmonton_symptom_assessment_system_-_revidert_versjon_(esas-r)/esas_#5@ESAS #5/velvære","rows":[]},{"id":"esas-r/edmonton_symptom_assessment_system_-_revidert_versjon_(esas-r)/esas_#5@ESAS #5/annet_problem","rows":[{"cols":[{"width":"100%","children":[{"id":"esas-r/edmonton_symptom_assessment_system_-_revidert_versjon_(esas-r)/esas_#5@ESAS #5/annet_problem/navn_på_problem","rows":[]},{"id":"esas-r/edmonton_symptom_assessment_system_-_revidert_versjon_(esas-r)/esas_#5@ESAS #5/annet_problem/vurdering","rows":[]}]}]}]}]}]}]}]}]},{"cols":[{"width":"100%","children":[{"id":"esas-r/edmonton_symptom_assessment_system_-_revidert_versjon_(esas-r)/history/origin","rows":[]}]}]}]},{"id":"esas-r/esas_vurdering@ESAS vurdering","rows":[{"cols":[{"width":"100%","children":[{"id":"esas-r/esas_vurdering@ESAS vurdering/event_series/origin","rows":[]},{"id":"esas-r/esas_vurdering@ESAS vurdering/uspesifisert_hendelse","rows":[{"cols":[{"width":"100%","children":[{"id":"esas-r/esas_vurdering@ESAS vurdering/uspesifisert_hendelse/tidsfestet_fritekst","rows":[]},{"id":"esas-r/esas_vurdering@ESAS vurdering/uspesifisert_hendelse/time","rows":[]}]}]}]}]}]}]}]}]}]},{"id":"generic-field-88276","rows":[{"cols":[{"width":"100%","children":[]}]},{"cols":[{"width":"40%","children":[{"id":"generic-field-69032","rows":[]}]},{"width":"10%","children":[{"id":"generic-field-86200","rows":[]}]},{"width":"10%","children":[{"id":"generic-field-77572","rows":[]}]},{"width":"10%","children":[{"id":"generic-field-45953","rows":[]}]},{"width":"10%","children":[{"id":"generic-field-61143","rows":[]}]},{"width":"10%","children":[{"id":"generic-field-59173","rows":[]}]},{"width":"10%","children":[{"id":"generic-field-20571","rows":[]}]}]},{"cols":[{"width":"100%","children":[]}]}]}]}]