{"name":"Form root","localizedNames":{},"localizedDescriptions":{},"rmType":"FORM_DEFINITION","min":0,"max":0,"formId":"form_root","viewConfig":{"label":{"custom":false,"useLocalizations":false},"size":{"field":"inherit","label":"inherit"},"layout":{"label":{"valign":"inherit","align":"inherit"},"field":{"valign":"inherit","align":"inherit"}},"annotations":{}},"children":[{"name":"Kroppstemperatur","localizedName":"Kroppstemperatur","localizedNames":{"en":"*Kroppstemperatur (nb)","nb":"Kroppstemperatur"},"localizedDescriptions":{"nb":"Måling av kroppstemperatur som skal gjenspeile et individs kjernetemperatur.","en":"*Måling av kroppstemperatur som skal gjenspeile et individs kjernetemperatur. (nb)"},"rmType":"OBSERVATION","nodeId":"openEHR-EHR-OBSERVATION.body_temperature.v2","min":0,"max":-1,"aqlPath":"/content[openEHR-EHR-OBSERVATION.body_temperature.v2]","inputs":[],"formId":"klinisk_kontakt/kroppstemperatur","viewConfig":{"multiplicity":{"min":0,"max":-1},"advanced":{"hidden":false,"readonly":false,"hideFrame":false,"render":false},"label":{"custom":false,"useLocalizations":false},"size":{"field":"inherit","label":"inherit"},"layout":{"label":{"valign":"inherit","align":"inherit"},"field":{"valign":"inherit","align":"inherit"}},"annotations":{},"field":{}},"children":[{"name":"Origin","localizedName":"Origin","localizedNames":{"en":"*Origin (en)","nb":"Origin"},"localizedDescriptions":{},"rmType":"DV_DATE_TIME","min":0,"max":1,"aqlPath":"/content[openEHR-EHR-OBSERVATION.body_temperature.v2]/data[at0002]/origin","inputs":[{"type":"DATETIME","listOpen":false}],"formId":"klinisk_kontakt/kroppstemperatur/*history(en)/origin","viewConfig":{"multiplicity":{"min":0,"max":1},"advanced":{"hidden":false,"readonly":false,"hideFrame":false,"render":false},"label":{"custom":false,"useLocalizations":false},"size":{"field":"inherit","label":"inherit"},"layout":{"label":{"valign":"inherit","align":"inherit"},"field":{"valign":"inherit","align":"inherit"}},"annotations":{"templateVariable":"[OmsE.STARTTID]"},"field":{"input":{"hideTime":false,"dateFormat":"","hideDate":false}}}},{"name":"Uspesifisert hendelse","localizedName":"Uspesifisert hendelse","localizedNames":{"en":"*Uspesifisert hendelse (nb)","nb":"Uspesifisert hendelse"},"localizedDescriptions":{"nb":"Standard, uspesifisert tidspunkt eller tidsintervall som kan defineres mer eksplisitt i en template eller i en applikasjon.","en":"*Standard, uspesifisert tidspunkt eller tidsintervall som kan defineres mer eksplisitt i en template eller i en applikasjon. (nb)"},"rmType":"EVENT","nodeId":"at0003","min":0,"max":-1,"aqlPath":"/content[openEHR-EHR-OBSERVATION.body_temperature.v2]/data[at0002]/events[at0003]","inputs":[],"formId":"klinisk_kontakt/kroppstemperatur/uspesifisert_hendelse","viewConfig":{"multiplicity":{"min":0,"max":-1},"advanced":{"hidden":false,"readonly":false,"hideFrame":false,"render":false},"label":{"custom":false,"useLocalizations":false},"size":{"field":"inherit","label":"inherit"},"layout":{"label":{"valign":"inherit","align":"inherit"},"field":{"valign":"inherit","align":"inherit"}},"annotations":{}},"children":[{"name":"Temperatur","localizedName":"Temperatur","localizedNames":{"en":"*Temperatur (nb)","nb":"Temperatur"},"localizedDescriptions":{"nb":"Målt kroppstemperatur som uttrykk for kjernetemperatur.","en":"*Målt kroppstemperatur som uttrykk for kjernetemperatur. (nb)"},"rmType":"DV_QUANTITY","nodeId":"at0004","min":1,"max":1,"aqlPath":"/content[openEHR-EHR-OBSERVATION.body_temperature.v2]/data[at0002]/events[at0003]/data[at0001]/items[at0004]/value","inputs":[{"suffix":"magnitude","type":"DECIMAL","defaultValue":"","listOpen":false},{"suffix":"unit","type":"CODED_TEXT","list":[{"value":"Cel","label":"Cel","validation":{"range":{"minOp":">=","min":0.0,"maxOp":"<","max":100.0},"precision":{"minOp":">=","min":1.0,"maxOp":"<=","max":1.0}},"ordinal":0,"localizedLabels":{},"localizedDescriptions":{}}],"listOpen":false}],"formId":"klinisk_kontakt/kroppstemperatur/uspesifisert_hendelse/temperatur","viewConfig":{"multiplicity":{"min":1,"max":1},"advanced":{"hidden":false,"readonly":false,"hideFrame":false,"render":false},"label":{"custom":false,"useLocalizations":false},"size":{"field":"inherit","label":"inherit"},"layout":{"label":{"valign":"inherit","align":"inherit"},"field":{"valign":"inherit","align":"inherit"}},"annotations":{},"field":{}}},{"name":"Kommentar","localizedName":"Kommentar","localizedNames":{"en":"*Kommentar (nb)","nb":"Kommentar"},"localizedDescriptions":{"nb":"Ytterligere beskrivelse av målingen av kroppstemperatur som ikke dekkes i andre felt.","en":"*Ytterligere beskrivelse av målingen av kroppstemperatur som ikke dekkes i andre felt. (nb)"},"rmType":"DV_TEXT","nodeId":"at0063","min":0,"max":1,"aqlPath":"/content[openEHR-EHR-OBSERVATION.body_temperature.v2]/data[at0002]/events[at0003]/data[at0001]/items[at0063]/value","inputs":[{"type":"TEXT","list":[],"listOpen":false}],"formId":"klinisk_kontakt/kroppstemperatur/uspesifisert_hendelse/kommentar","viewConfig":{"multiplicity":{"min":0,"max":1},"advanced":{"hidden":false,"readonly":false,"hideFrame":false,"render":false},"label":{"custom":false,"useLocalizations":false},"size":{"field":"inherit","label":"inherit"},"layout":{"label":{"valign":"inherit","align":"inherit"},"field":{"valign":"inherit","align":"inherit"}},"datasource":{"loadRemote":false,"parameters":{}},"annotations":{"templateVariable":"[Forf.Navn]"},"field":{"lines":null,"input":{},"formatting":null}}},{"name":"Kroppseksponering","localizedName":"Kroppseksponering","localizedNames":{"en":"*Kroppseksponering (nb)","nb":"Kroppseksponering"},"localizedDescriptions":{"nb":"Grad av tildekking av individet da temperaturen ble målt.","en":"*Grad av tildekking av individet da temperaturen ble målt. (nb)"},"rmType":"DV_CODED_TEXT","nodeId":"at0030","min":0,"max":1,"aqlPath":"/content[openEHR-EHR-OBSERVATION.body_temperature.v2]/data[at0002]/events[at0003]/state[at0029]/items[at0030]/value","inputs":[{"suffix":"code","type":"CODED_TEXT","list":[{"value":"at0032","label":"Redusert påkledning/tildekking","ordinal":0,"localizedLabels":{"nb":"Redusert påkledning/tildekking","en":"*Redusert påkledning/tildekking (nb)"},"localizedDescriptions":{"nb":"Individet er mindre påkledt eller tildekket enn temperaturen i omgivelsene skulle tilsi.","en":"*Individet er mindre påkledt eller tildekket enn temperaturen i omgivelsene skulle tilsi. (nb)"}},{"value":"at0033","label":"Passende påkleding/tildekking","ordinal":0,"localizedLabels":{"nb":"Passende påkleding/tildekking","en":"*Passende påkleding/tildekking (nb)"},"localizedDescriptions":{"nb":"Individet er passende påkledt eller tildekket i forhold til hva temperaturen i omgivelsene skulle tilsi.","en":"*Individet er passende påkledt eller tildekket i forhold til hva temperaturen i omgivelsene skulle tilsi. (nb)"}},{"value":"at0034","label":"Økt påkledning/tildekking","ordinal":0,"localizedLabels":{"nb":"Økt påkledning/tildekking","en":"*Økt påkledning/tildekking (nb)"},"localizedDescriptions":{"nb":"Individet er mer påkledt eller tildekket enn temperaturen i omgivelsene skulle tilsi.","en":"*Individet er mer påkledt eller tildekket enn temperaturen i omgivelsene skulle tilsi. (nb)"}}],"listOpen":false}],"formId":"klinisk_kontakt/kroppstemperatur/uspesifisert_hendelse/kroppseksponering","viewConfig":{"multiplicity":{"min":0,"max":1},"advanced":{"hidden":false,"readonly":false,"hideFrame":false,"render":false},"label":{"custom":false,"useLocalizations":false},"size":{"field":"inherit","label":"inherit"},"layout":{"label":{"valign":"inherit","align":"inherit"},"field":{"valign":"inherit","align":"inherit"}},"annotations":{},"field":{"code":{"presentation":"combobox","columns":"3"}}}},{"name":"Time","localizedName":"Time","localizedNames":{"en":"*Time (en)","nb":"Time"},"localizedDescriptions":{},"rmType":"DV_DATE_TIME","min":0,"max":1,"aqlPath":"/content[openEHR-EHR-OBSERVATION.body_temperature.v2]/data[at0002]/events[at0003]/time","inputs":[{"type":"DATETIME","listOpen":false}],"formId":"klinisk_kontakt/kroppstemperatur/uspesifisert_hendelse/time","viewConfig":{"multiplicity":{"min":0,"max":1},"advanced":{"hidden":false,"readonly":false,"hideFrame":false,"render":false},"label":{"custom":false,"useLocalizations":false},"size":{"field":"inherit","label":"inherit"},"layout":{"label":{"valign":"inherit","align":"inherit"},"field":{"valign":"inherit","align":"inherit"}},"annotations":{},"field":{"input":{"hideTime":false,"dateFormat":"","hideDate":false}}}}]}]}]}